	id	sex	weight	height	bmi
0	1	M	190	77	22.577821570491576
1	2	F	120	70	17.25420890544935
2	3	F	110	68	16.76041414366566
3	4	M	150	72	20.386193971041138
4	5	O	120	66	19.40900450796644
5	6	M	120	60	23.48489545463939
6	7	F	140	70	20.129910389690906
