	id	sex	weight	height	bmi
0	1	M	190	77	135.71428571428572
1	2	F	120	70	135.71428571428572
2	3	F	110	68	135.71428571428572
3	4	M	150	72	135.71428571428572
4	5	O	120	66	135.71428571428572
5	6	M	120	60	135.71428571428572
6	7	F	140	70	135.71428571428572
